{
  "dots": [
    {
      "pos": [42, 42],
      "radius": 5
    },
    {
      "pos": [42, 70],
      "radius": 2
    },
    {
      "pos": [42, 98],
      "radius": 2
    },
    {
      "pos": [42, 126],
      "radius": 2
    },
    {
      "pos": [42, 154],
      "radius": 2
    },
    {
      "pos": [42, 182],
      "radius": 2
    },
    {
      "pos": [42, 294],
      "radius": 2
    },
    {
      "pos": [42, 322],
      "radius": 2
    },
    {
      "pos": [42, 350],
      "radius": 2
    },
    {
      "pos": [42, 378],
      "radius": 2
    },
    {
      "pos": [42, 406],
      "radius": 2
    },
    {
      "pos": [42, 434],
      "radius": 5
    },
    {
      "pos": [70, 42],
      "radius": 2
    },
    {
      "pos": [70, 182],
      "radius": 2
    },
    {
      "pos": [70, 294],
      "radius": 2
    },
    {
      "pos": [70, 434],
      "radius": 2
    },
    {
      "pos": [98, 42],
      "radius": 2
    },
    {
      "pos": [98, 70],
      "radius": 2
    },
    {
      "pos": [98, 98],
      "radius": 2
    },
    {
      "pos": [98, 126],
      "radius": 2
    },
    {
      "pos": [98, 154],
      "radius": 2
    },
    {
      "pos": [98, 182],
      "radius": 2
    },
    {
      "pos": [98, 210],
      "radius": 2
    },
    {
      "pos": [98, 238],
      "radius": 2
    },
    {
      "pos": [98, 266],
      "radius": 2
    },
    {
      "pos": [98, 294],
      "radius": 2
    },
    {
      "pos": [98, 322],
      "radius": 2
    },
    {
      "pos": [98, 350],
      "radius": 2
    },
    {
      "pos": [98, 378],
      "radius": 2
    },
    {
      "pos": [98, 406],
      "radius": 2
    },
    {
      "pos": [98, 434],
      "radius": 2
    },
    {
      "pos": [126, 42],
      "radius": 2
    },
    {
      "pos": [126, 98],
      "radius": 2
    },
    {
      "pos": [126, 182],
      "radius": 2
    },
    {
      "pos": [126, 294],
      "radius": 2
    },
    {
      "pos": [126, 378],
      "radius": 2
    },
    {
      "pos": [126, 434],
      "radius": 2
    },
    {
      "pos": [154, 42],
      "radius": 2
    },
    {
      "pos": [154, 98],
      "radius": 2
    },
    {
      "pos": [154, 154],
      "radius": 2
    },
    {
      "pos": [154, 182],
      "radius": 2
    },
    {
      "pos": [154, 210],
      "radius": 2
    },
    {
      "pos": [154, 238],
      "radius": 2
    },
    {
      "pos": [154, 266],
      "radius": 2
    },
    {
      "pos": [154, 294],
      "radius": 2
    },
    {
      "pos": [154, 322],
      "radius": 2
    },
    {
      "pos": [154, 378],
      "radius": 2
    },
    {
      "pos": [154, 434],
      "radius": 2
    },
    {
      "pos": [182, 42],
      "radius": 2
    },
    {
      "pos": [182, 70],
      "radius": 2
    },
    {
      "pos": [182, 98],
      "radius": 2
    },
    {
      "pos": [182, 126],
      "radius": 2
    },
    {
      "pos": [182, 154],
      "radius": 2
    },
    {
      "pos": [182, 210],
      "radius": 2
    },
    {
      "pos": [182, 238],
      "radius": 2
    },
    {
      "pos": [182, 322],
      "radius": 2
    },
    {
      "pos": [182, 350],
      "radius": 2
    },
    {
      "pos": [182, 378],
      "radius": 2
    },
    {
      "pos": [182, 406],
      "radius": 2
    },
    {
      "pos": [182, 434],
      "radius": 2
    },
    {
      "pos": [210, 42],
      "radius": 2
    },
    {
      "pos": [210, 154],
      "radius": 2
    },
    {
      "pos": [210, 210],
      "radius": 2
    },
    {
      "pos": [210, 322],
      "radius": 2
    },
    {
      "pos": [210, 42],
      "radius": 2
    },
    {
      "pos": [210, 434],
      "radius": 2
    },
    {
      "pos": [238, 42],
      "radius": 2
    },
    {
      "pos": [238, 70],
      "radius": 2
    },
    {
      "pos": [238, 98],
      "radius": 2
    },
    {
      "pos": [238, 126],
      "radius": 2
    },
    {
      "pos": [238, 154],
      "radius": 2
    },
    {
      "pos": [238, 266],
      "radius": 2
    },
    {
      "pos": [238, 322],
      "radius": 2
    },
    {
      "pos": [238, 350],
      "radius": 2
    },
    {
      "pos": [238, 378],
      "radius": 2
    },
    {
      "pos": [238, 406],
      "radius": 2
    },
    {
      "pos": [238, 434],
      "radius": 2
    },
    {
      "pos": [266, 98],
      "radius": 2
    },
    {
      "pos": [266, 154],
      "radius": 2
    },
    {
      "pos": [266, 238],
      "radius": 2
    },
    {
      "pos": [266, 266],
      "radius": 2
    },
    {
      "pos": [266, 322],
      "radius": 2
    },
    {
      "pos": [266, 378],
      "radius": 2
    },
    {
      "pos": [266, 434],
      "radius": 2
    },
    {
      "pos": [294, 42],
      "radius": 2
    },
    {
      "pos": [294, 70],
      "radius": 2
    },
    {
      "pos": [294, 98],
      "radius": 2
    },
    {
      "pos": [294, 154],
      "radius": 2
    },
    {
      "pos": [294, 182],
      "radius": 2
    },
    {
      "pos": [294, 210],
      "radius": 2
    },
    {
      "pos": [294, 238],
      "radius": 2
    },
    {
      "pos": [294, 266],
      "radius": 2
    },
    {
      "pos": [294, 294],
      "radius": 2
    },
    {
      "pos": [294, 322],
      "radius": 2
    },
    {
      "pos": [294, 378],
      "radius": 2
    },
    {
      "pos": [294, 406],
      "radius": 2
    },
    {
      "pos": [294, 434],
      "radius": 2
    },
    {
      "pos": [322, 42],
      "radius": 2
    },
    {
      "pos": [322, 98],
      "radius": 2
    },
    {
      "pos": [322, 154],
      "radius": 2
    },
    {
      "pos": [322, 266],
      "radius": 2
    },
    {
      "pos": [322, 322],
      "radius": 2
    },
    {
      "pos": [322, 406],
      "radius": 2
    },
    {
      "pos": [350, 42],
      "radius": 2
    },
    {
      "pos": [350, 98],
      "radius": 2
    },
    {
      "pos": [350, 154],
      "radius": 2
    },
    {
      "pos": [350, 210],
      "radius": 2
    },
    {
      "pos": [350, 238],
      "radius": 2
    },
    {
      "pos": [350, 266],
      "radius": 2
    },
    {
      "pos": [350, 322],
      "radius": 2
    },
    {
      "pos": [350, 406],
      "radius": 2
    },
    {
      "pos": [378, 42],
      "radius": 2
    },
    {
      "pos": [378, 70],
      "radius": 2
    },
    {
      "pos": [378, 98],
      "radius": 2
    },
    {
      "pos": [378, 154],
      "radius": 2
    },
    {
      "pos": [378, 322],
      "radius": 2
    },
    {
      "pos": [378, 378],
      "radius": 2
    },
    {
      "pos": [378, 406],
      "radius": 2
    },
    {
      "pos": [406, 98],
      "radius": 2
    },
    {
      "pos": [406, 126],
      "radius": 2
    },
    {
      "pos": [406, 154],
      "radius": 2
    },
    {
      "pos": [406, 182],
      "radius": 2
    },
    {
      "pos": [406, 210],
      "radius": 2
    },
    {
      "pos": [406, 238],
      "radius": 2
    },
    {
      "pos": [406, 266],
      "radius": 2
    },
    {
      "pos": [406, 294],
      "radius": 2
    },
    {
      "pos": [406, 322],
      "radius": 2
    },
    {
      "pos": [406, 350],
      "radius": 2
    },
    {
      "pos": [406, 378],
      "radius": 2
    },
    {
      "pos": [434, 42],
      "radius": 2
    },
    {
      "pos": [434, 70],
      "radius": 2
    },
    {
      "pos": [434, 98],
      "radius": 2
    },
    {
      "pos": [434, 154],
      "radius": 2
    },
    {
      "pos": [434, 322],
      "radius": 2
    },
    {
      "pos": [434, 378],
      "radius": 2
    },
    {
      "pos": [434, 406],
      "radius": 2
    },
    {
      "pos": [462, 42],
      "radius": 2
    },
    {
      "pos": [462, 98],
      "radius": 2
    },
    {
      "pos": [462, 154],
      "radius": 2
    },
    {
      "pos": [462, 182],
      "radius": 2
    },
    {
      "pos": [462, 210],
      "radius": 2
    },
    {
      "pos": [462, 238],
      "radius": 2
    },
    {
      "pos": [462, 266],
      "radius": 2
    },
    {
      "pos": [462, 322],
      "radius": 2
    },
    {
      "pos": [462, 406],
      "radius": 2
    },
    {
      "pos": [490, 42],
      "radius": 2
    },
    {
      "pos": [490, 98],
      "radius": 2
    },
    {
      "pos": [490, 154],
      "radius": 2
    },
    {
      "pos": [490, 322],
      "radius": 2
    },
    {
      "pos": [490, 406],
      "radius": 2
    },
    {
      "pos": [518, 42],
      "radius": 2
    },
    {
      "pos": [518, 42],
      "radius": 2
    },
    {
      "pos": [518, 70],
      "radius": 2
    },
    {
      "pos": [518, 98],
      "radius": 2
    },
    {
      "pos": [518, 154],
      "radius": 2
    },
    {
      "pos": [518, 182],
      "radius": 2
    },
    {
      "pos": [518, 210],
      "radius": 2
    },
    {
      "pos": [518, 238],
      "radius": 2
    },
    {
      "pos": [518, 266],
      "radius": 2
    },
    {
      "pos": [518, 294],
      "radius": 2
    },
    {
      "pos": [518, 322],
      "radius": 2
    },
    {
      "pos": [518, 378],
      "radius": 2
    },
    {
      "pos": [518, 406],
      "radius": 2
    },
    {
      "pos": [518, 434],
      "radius": 2
    },
    {
      "pos": [546, 98],
      "radius": 2
    },
    {
      "pos": [546, 154],
      "radius": 2
    },
    {
      "pos": [546, 322],
      "radius": 2
    },
    {
      "pos": [546, 378],
      "radius": 2
    },
    {
      "pos": [546, 434],
      "radius": 2
    },
    {
      "pos": [574, 42],
      "radius": 2
    },
    {
      "pos": [574, 70],
      "radius": 2
    },
    {
      "pos": [574, 98],
      "radius": 2
    },
    {
      "pos": [574, 126],
      "radius": 2
    },
    {
      "pos": [574, 154],
      "radius": 2
    },
    {
      "pos": [574, 238],
      "radius": 2
    },
    {
      "pos": [574, 266],
      "radius": 2
    },
    {
      "pos": [574, 294],
      "radius": 2
    },
    {
      "pos": [574, 322],
      "radius": 2
    },
    {
      "pos": [574, 350],
      "radius": 2
    },
    {
      "pos": [574, 378],
      "radius": 2
    },
    {
      "pos": [574, 406],
      "radius": 2
    },
    {
      "pos": [574, 434],
      "radius": 2
    },
    {
      "pos": [602, 42],
      "radius": 2
    },
    {
      "pos": [602, 154],
      "radius": 2
    },
    {
      "pos": [602, 182],
      "radius": 2
    },
    {
      "pos": [602, 322],
      "radius": 2
    },
    {
      "pos": [602, 434],
      "radius": 2
    },
    {
      "pos": [630, 42],
      "radius": 2
    },
    {
      "pos": [630, 70],
      "radius": 2
    },
    {
      "pos": [630, 98],
      "radius": 2
    },
    {
      "pos": [630, 126],
      "radius": 2
    },
    {
      "pos": [630, 154],
      "radius": 2
    },
    {
      "pos": [630, 238],
      "radius": 2
    },
    {
      "pos": [630, 266],
      "radius": 2
    },
    {
      "pos": [630, 294],
      "radius": 2
    },
    {
      "pos": [630, 322],
      "radius": 2
    },
    {
      "pos": [630, 350],
      "radius": 2
    },
    {
      "pos": [630, 378],
      "radius": 2
    },
    {
      "pos": [630, 406],
      "radius": 2
    },
    {
      "pos": [630, 434],
      "radius": 2
    },
    {
      "pos": [798, 42],
      "radius": 5
    },
    {
      "pos": [798, 70],
      "radius": 2
    },
    {
      "pos": [798, 98],
      "radius": 2
    },
    {
      "pos": [798, 126],
      "radius": 2
    },
    {
      "pos": [798, 154],
      "radius": 2
    },
    {
      "pos": [798, 182],
      "radius": 2
    },
    {
      "pos": [798, 294],
      "radius": 2
    },
    {
      "pos": [798, 322],
      "radius": 2
    },
    {
      "pos": [798, 350],
      "radius": 2
    },
    {
      "pos": [798, 378],
      "radius": 2
    },
    {
      "pos": [798, 406],
      "radius": 2
    },
    {
      "pos": [798, 434],
      "radius": 5
    },
    {
      "pos": [770, 434],
      "radius":2
    },
    {
      "pos": [770, 294],
      "radius":2
    },
    {
      "pos": [770, 182],
      "radius":2
    },
    {
      "pos": [770, 42],
      "radius":2
    },
    {
      "pos": [742, 42],
      "radius":2
    },
    {
      "pos": [742, 70],
      "radius":2
    },
    {
      "pos": [742, 98],
      "radius":2
    },
    {
      "pos": [742, 126],
      "radius":2
    },
    {
      "pos": [742, 154],
      "radius":2
    },
    {
      "pos": [742, 182],
      "radius":2
    },
    {
      "pos": [742, 210],
      "radius":2
    },
    {
      "pos": [742, 238],
      "radius":2
    },
    {
      "pos": [742, 266],
      "radius":2
    },
    {
      "pos": [742, 294],
      "radius":2
    },
    {
      "pos": [742, 322],
      "radius":2
    },
    {
      "pos": [742, 350],
      "radius":2
    },
    {
      "pos": [742, 378],
      "radius":2
    },
    {
      "pos": [742, 406],
      "radius":2
    },
    {
      "pos": [742, 434],
      "radius":2
    },
    {
      "pos": [714, 434],
      "radius":2
    },
    {
      "pos": [714, 378],
      "radius":2
    },
    {
      "pos": [714, 294],
      "radius":2
    },
    {
      "pos": [714, 182],
      "radius":2
    },
    {
      "pos": [714, 98],
      "radius":2
    },
    {
      "pos": [714, 42],
      "radius":2
    },
    {
      "pos": [686, 42],
      "radius":2
    },
    {
      "pos": [686, 98],
      "radius":2
    },
    {
      "pos": [686, 154],
      "radius":2
    },
    {
      "pos": [686, 182],
      "radius":2
    },
    {
      "pos": [686, 210],
      "radius":2
    },
    {
      "pos": [686, 238],
      "radius":2
    },
    {
      "pos": [686, 266],
      "radius":2
    },
    {
      "pos": [686, 294],
      "radius":2
    },
    {
      "pos": [686, 322],
      "radius":2
    },
    {
      "pos": [686, 378],
      "radius":2
    },
    {
      "pos": [686, 434],
      "radius":2
    },
    {
      "pos": [658, 434],
      "radius":2
    },
    {
      "pos": [658, 378],
      "radius":2
    },
    {
      "pos": [658, 322],
      "radius":2
    },
    {
      "pos": [658, 154],
      "radius":2
    },
    {
      "pos": [658, 98],
      "radius":2
    },
    {
      "pos": [658, 42],
      "radius":2
    }
  ]
}
