{
  "ghosts": [
    {
      "loc": [693,273],
      "vel": [6,6],
      "color": "red",
      "updateStrategy": "AggressiveChase",
      "collideStrategy": "EatStrategy",
      "size": 14,
      "isFlashing": false,
      "isDead": false,
      "flashingTimer": 0,
      "direction": 2
    },
    {
      "loc": [693,315],
      "vel": [6,6],
      "color": "blue",
      "updateStrategy": "PatrolChase",
      "collideStrategy": "EatStrategy",
      "size": 14,
      "isFlashing": false,
      "isDead": false,
      "flashingTimer": 0,
      "direction": 2
    },
    {
      "loc": [693,357],
      "vel": [6,6],
      "color": "orange",
      "updateStrategy": "RandomWalk",
      "collideStrategy": "EatStrategy",
      "size": 14,
      "isFlashing": false,
      "isDead": false,
      "flashingTimer": 0,
      "direction": 2
    },
    {
      "loc": [693,399],
      "vel": [6,6],
      "color": "pink",
      "updateStrategy": "AmbushChase",
      "collideStrategy": "EatStrategy",
      "size": 14,
      "isFlashing": false,
      "isDead": false,
      "flashingTimer": 0,
      "direction": 2
    }
  ]
}
