{
  "wall": [
    {
      "start": [28,28],
      "end": [812,28],
      "color": "#177DE8"
    },
    {
      "start": [28,448],
      "end": [812,448],
      "color": "#177DE8"
    },
    {
      "start": [28,28],
      "end": [28,196],
      "color": "#177DE8"
    },
    {
      "start": [28,196],
      "end": [84,196],
      "color": "#177DE8"
    },
    {
      "start": [84,196],
      "end": [84,224],
      "color": "#177DE8"
    },
    {
      "start": [28,224],
      "end": [84,224],
      "color": "#177DE8"
    },
    {
      "start": [28,252],
      "end": [84,252],
      "color": "#177DE8"
    },
    {
      "start": [84,252],
      "end": [84,280],
      "color": "#177DE8"
    },
    {
      "start": [28,280],
      "end": [84,280],
      "color": "#177DE8"
    },
    {
      "start": [28,280],
      "end": [28,448],
      "color": "#177DE8"
    },
    {
      "start": [812,28],
      "end": [812,196],
      "color": "#177DE8"
    },
    {
      "start": [756,196],
      "end": [812,196],
      "color": "#177DE8"
    },
    {
      "start": [756,196],
      "end": [756,224],
      "color": "#177DE8"
    },
    {
      "start": [756,224],
      "end": [812,224],
      "color": "#177DE8"
    },
    {
      "start": [756,252],
      "end": [812,252],
      "color": "#177DE8"
    },
    {
      "start": [756,252],
      "end": [756,280],
      "color": "#177DE8"
    },
    {
      "start": [756,280],
      "end": [812,280],
      "color": "#177DE8"
    },
    {
      "start": [812,280],
      "end": [812,448],
      "color": "#177DE8"
    },
    {
      "start": [252,28],
      "end": [252,84],
      "color": "#177DE8"
    },
    {
      "start": [280,28],
      "end": [280,84],
      "color": "#177DE8"
    },
    {
      "start": [252,84],
      "end": [280,84],
      "color": "#177DE8"
    },
    {
      "start": [392,28],
      "end": [392,84],
      "color": "#177DE8"
    },
    {
      "start": [420,28],
      "end": [420,84],
      "color": "#177DE8"
    },
    {
      "start": [392,84],
      "end": [420,84],
      "color": "#177DE8"
    },
    {
      "start": [532,28],
      "end": [532,84],
      "color": "#177DE8"
    },
    {
      "start": [560,28],
      "end": [560,84],
      "color": "#177DE8"
    },
    {
      "start": [532,84],
      "end": [560,84],
      "color": "#177DE8"
    },
    {
      "start": [56,56],
      "end": [56,168],
      "color": "#177DE8"
    },
    {
      "start": [56,56],
      "end": [84,56],
      "color": "#177DE8"
    },
    {
      "start": [84,56],
      "end": [84,168],
      "color": "#177DE8"
    },
    {
      "start": [56,168],
      "end": [84,168],
      "color": "#177DE8"
    },
    {
      "start": [112,56],
      "end": [168,56],
      "color": "#177DE8"
    },
    {
      "start": [112,56],
      "end": [112,84],
      "color": "#177DE8"
    },
    {
      "start": [112,84],
      "end": [168,84],
      "color": "#177DE8"
    },
    {
      "start": [168,56],
      "end": [168,84],
      "color": "#177DE8"
    },
    {
      "start": [196,56],
      "end": [196,140],
      "color": "#177DE8"
    },
    {
      "start": [196,56],
      "end": [224,56],
      "color": "#177DE8"
    },
    {
      "start": [224,56],
      "end": [224,140],
      "color": "#177DE8"
    },
    {
      "start": [196,140],
      "end": [224,140],
      "color": "#177DE8"
    },
    {
      "start": [112,112],
      "end": [168,112],
      "color": "#177DE8"
    },
    {
      "start": [112,112],
      "end": [112,168],
      "color": "#177DE8"
    },
    {
      "start": [112,168],
      "end": [140,168],
      "color": "#177DE8"
    },
    {
      "start": [140,140],
      "end": [140,168],
      "color": "#177DE8"
    },
    {
      "start": [140,140],
      "end": [168,140],
      "color": "#177DE8"
    },
    {
      "start": [168,112],
      "end": [168,140],
      "color": "#177DE8"
    },
    {
      "start": [56,308],
      "end": [56,420],
      "color": "#177DE8"
    },
    {
      "start": [56,308],
      "end": [84,308],
      "color": "#177DE8"
    },
    {
      "start": [84,308],
      "end": [84,420],
      "color": "#177DE8"
    },
    {
      "start": [56,420],
      "end": [84,420],
      "color": "#177DE8"
    },
    {
      "start": [112,196],
      "end": [140,196],
      "color": "#177DE8"
    },
    {
      "start": [112,196],
      "end": [112,280],
      "color": "#177DE8"
    },
    {
      "start": [112,280],
      "end": [140,280],
      "color": "#177DE8"
    },
    {
      "start": [140,196],
      "end": [140,280],
      "color": "#177DE8"
    },
    {
      "start": [112,308],
      "end": [140,308],
      "color": "#177DE8"
    },
    {
      "start": [112,308],
      "end": [112,364],
      "color": "#177DE8"
    },
    {
      "start": [112,364],
      "end": [168,364],
      "color": "#177DE8"
    },
    {
      "start": [168,336],
      "end": [168,364],
      "color": "#177DE8"
    },
    {
      "start": [140,336],
      "end": [168,336],
      "color": "#177DE8"
    },
    {
      "start": [140,308],
      "end": [140,336],
      "color": "#177DE8"
    },
    {
      "start": [112,392],
      "end": [168,392],
      "color": "#177DE8"
    },
    {
      "start": [112,392],
      "end": [112,420],
      "color": "#177DE8"
    },
    {
      "start": [112,420],
      "end": [168,420],
      "color": "#177DE8"
    },
    {
      "start": [168,392],
      "end": [168,420],
      "color": "#177DE8"
    },
    {
      "start": [168,168],
      "end": [280,168],
      "color": "#177DE8"
    },
    {
      "start": [168,168],
      "end": [168,196],
      "color": "#177DE8"
    },
    {
      "start": [168,196],
      "end": [224,196],
      "color": "#177DE8"
    },
    {
      "start": [224,196],
      "end": [224,224],
      "color": "#177DE8"
    },
    {
      "start": [196,224],
      "end": [224,224],
      "color": "#177DE8"
    },
    {
      "start": [196,224],
      "end": [196,252],
      "color": "#177DE8"
    },
    {
      "start": [168,252],
      "end": [196,252],
      "color": "#177DE8"
    },
    {
      "start": [168,252],
      "end": [168,308],
      "color": "#177DE8"
    },
    {
      "start": [168,308],
      "end": [280,308],
      "color": "#177DE8"
    },
    {
      "start": [280,280],
      "end": [280,308],
      "color": "#177DE8"
    },
    {
      "start": [224,280],
      "end": [280,280],
      "color": "#177DE8"
    },
    {
      "start": [224,252],
      "end": [224,280],
      "color": "#177DE8"
    },
    {
      "start": [224,252],
      "end": [252,252],
      "color": "#177DE8"
    },
    {
      "start": [252,224],
      "end": [252,252],
      "color": "#177DE8"
    },
    {
      "start": [252,224],
      "end": [280,224],
      "color": "#177DE8"
    },
    {
      "start": [280,168],
      "end": [280,224],
      "color": "#177DE8"
    },
    {
      "start": [196,336],
      "end": [196,420],
      "color": "#177DE8"
    },
    {
      "start": [196,336],
      "end": [224,336],
      "color": "#177DE8"
    },
    {
      "start": [224,336],
      "end": [224,420],
      "color": "#177DE8"
    },
    {
      "start": [196,420],
      "end": [224,420],
      "color": "#177DE8"
    },
    {
      "start": [308,56],
      "end": [364,56],
      "color": "#177DE8"
    },
    {
      "start": [308,56],
      "end": [308,84],
      "color": "#177DE8"
    },
    {
      "start": [308,84],
      "end": [364,84],
      "color": "#177DE8"
    },
    {
      "start": [364,56],
      "end": [364,84],
      "color": "#177DE8"
    },
    {
      "start": [252,112],
      "end": [392,112],
      "color": "#177DE8"
    },
    {
      "start": [252,112],
      "end": [252,140],
      "color": "#177DE8"
    },
    {
      "start": [252,140],
      "end": [392,140],
      "color": "#177DE8"
    },
    {
      "start": [392,112],
      "end": [392,140],
      "color": "#177DE8"
    },
    {
      "start": [308,168],
      "end": [392,168],
      "color": "#177DE8"
    },
    {
      "start": [308,168],
      "end": [308,252],
      "color": "#177DE8"
    },
    {
      "start": [308,252],
      "end": [336,252],
      "color": "#177DE8"
    },
    {
      "start": [336,196],
      "end": [336,252],
      "color": "#177DE8"
    },
    {
      "start": [336,196],
      "end": [364,196],
      "color": "#177DE8"
    },
    {
      "start": [364,196],
      "end": [364,280],
      "color": "#177DE8"
    },
    {
      "start": [308,280],
      "end": [364,280],
      "color": "#177DE8"
    },
    {
      "start": [308,280],
      "end": [308,308],
      "color": "#177DE8"
    },
    {
      "start": [308,308],
      "end": [392,308],
      "color": "#177DE8"
    },
    {
      "start": [392,168],
      "end": [392,308],
      "color": "#177DE8"
    },
    {
      "start": [252,336],
      "end": [392,336],
      "color": "#177DE8"
    },
    {
      "start": [252,336],
      "end": [252,364],
      "color": "#177DE8"
    },
    {
      "start": [252,364],
      "end": [308,364],
      "color": "#177DE8"
    },
    {
      "start": [308,364],
      "end": [308,392],
      "color": "#177DE8"
    },
    {
      "start": [308,392],
      "end": [364,392],
      "color": "#177DE8"
    },
    {
      "start": [364,364],
      "end": [364,392],
      "color": "#177DE8"
    },
    {
      "start": [364,364],
      "end": [392,364],
      "color": "#177DE8"
    },
    {
      "start": [392,336],
      "end": [392,364],
      "color": "#177DE8"
    },
    {
      "start": [252,392],
      "end": [280,392],
      "color": "#177DE8"
    },
    {
      "start": [252,392],
      "end": [252,420],
      "color": "#177DE8"
    },
    {
      "start": [252,420],
      "end": [280,420],
      "color": "#177DE8"
    },
    {
      "start": [280,392],
      "end": [280,420],
      "color": "#177DE8"
    },
    {
      "start": [308,420],
      "end": [392,420],
      "color": "#177DE8"
    },
    {
      "start": [308,420],
      "end": [308,448],
      "color": "#177DE8"
    },
    {
      "start": [392,392],
      "end": [392,420],
      "color": "#177DE8"
    },
    {
      "start": [392,392],
      "end": [420,392],
      "color": "#177DE8"
    },
    {
      "start": [420,392],
      "end": [420,420],
      "color": "#177DE8"
    },
    {
      "start": [420,420],
      "end": [504,420],
      "color": "#177DE8"
    },
    {
      "start": [504,420],
      "end": [504,448],
      "color": "#177DE8"
    },
    {
      "start": [448,56],
      "end": [504,56],
      "color": "#177DE8"
    },
    {
      "start": [448,56],
      "end": [448,84],
      "color": "#177DE8"
    },
    {
      "start": [448,84],
      "end": [504,84],
      "color": "#177DE8"
    },
    {
      "start": [504,56],
      "end": [504,84],
      "color": "#177DE8"
    },
    {
      "start": [420,112],
      "end": [560,112],
      "color": "#177DE8"
    },
    {
      "start": [420,112],
      "end": [420,140],
      "color": "#177DE8"
    },
    {
      "start": [420,140],
      "end": [560,140],
      "color": "#177DE8"
    },
    {
      "start": [560,112],
      "end": [560,140],
      "color": "#177DE8"
    },
    {
      "start": [420,168],
      "end": [448,168],
      "color": "#6beb34"
    },
    {
      "start": [420,168],
      "end": [420,308],
      "color": "#6beb34"
    },
    {
      "start": [420,308],
      "end": [504,308],
      "color": "#6beb34"
    },
    {
      "start": [504,168],
      "end": [504,308],
      "color": "#6beb34"
    },
    {
      "start": [476,168],
      "end": [504,168],
      "color": "#6beb34"
    },
    {
      "start": [476,168],
      "end": [476,280],
      "color": "#6beb34"
    },
    {
      "start": [448,280],
      "end": [476,280],
      "color": "#6beb34"
    },
    {
      "start": [448,168],
      "end": [448,280],
      "color": "#6beb34"
    },
    {
      "start": [420,336],
      "end": [420,364],
      "color": "#177DE8"
    },
    {
      "start": [420,336],
      "end": [560,336],
      "color": "#177DE8"
    },
    {
      "start": [560,336],
      "end": [560,364],
      "color": "#177DE8"
    },
    {
      "start": [420,364],
      "end": [448,364],
      "color": "#177DE8"
    },
    {
      "start": [448,364],
      "end": [448,392],
      "color": "#177DE8"
    },
    {
      "start": [448,392],
      "end": [504,392],
      "color": "#177DE8"
    },
    {
      "start": [504,364],
      "end": [504,392],
      "color": "#177DE8"
    },
    {
      "start": [504,364],
      "end": [560,364],
      "color": "#177DE8"
    },
    {
      "start": [532,392],
      "end": [560,392],
      "color": "#177DE8"
    },
    {
      "start": [532,392],
      "end": [532,420],
      "color": "#177DE8"
    },
    {
      "start": [532,420],
      "end": [560,420],
      "color": "#177DE8"
    },
    {
      "start": [560,392],
      "end": [560,420],
      "color": "#177DE8"
    },
    {
      "start": [588,336],
      "end": [616,336],
      "color": "#177DE8"
    },
    {
      "start": [588,336],
      "end": [588,420],
      "color": "#177DE8"
    },
    {
      "start": [588,420],
      "end": [616,420],
      "color": "#177DE8"
    },
    {
      "start": [616,336],
      "end": [616,420],
      "color": "#177DE8"
    },
    {
      "start": [700,308],
      "end": [728,308],
      "color": "#177DE8"
    },
    {
      "start": [700,308],
      "end": [700,336],
      "color": "#177DE8"
    },
    {
      "start": [644,336],
      "end": [700,336],
      "color": "#177DE8"
    },
    {
      "start": [644,336],
      "end": [644,364],
      "color": "#177DE8"
    },
    {
      "start": [644,364],
      "end": [728,364],
      "color": "#177DE8"
    },
    {
      "start": [728,308],
      "end": [728,364],
      "color": "#177DE8"
    },
    {
      "start": [644,392],
      "end": [728,392],
      "color": "#177DE8"
    },
    {
      "start": [644,392],
      "end": [644,420],
      "color": "#177DE8"
    },
    {
      "start": [644,420],
      "end": [728,420],
      "color": "#177DE8"
    },
    {
      "start": [728,392],
      "end": [728,420],
      "color": "#177DE8"
    },
    {
      "start": [756,308],
      "end": [756,420],
      "color": "#177DE8"
    },
    {
      "start": [756,308],
      "end": [784,308],
      "color": "#177DE8"
    },
    {
      "start": [784,308],
      "end": [784,420],
      "color": "#177DE8"
    },
    {
      "start": [756,420],
      "end": [784,420],
      "color": "#177DE8"
    },
    {
      "start": [588,56],
      "end": [616,56],
      "color": "#177DE8"
    },
    {
      "start": [588,56],
      "end": [588,140],
      "color": "#177DE8"
    },
    {
      "start": [588,140],
      "end": [616,140],
      "color": "#177DE8"
    },
    {
      "start": [616,56],
      "end": [616,140],
      "color": "#177DE8"
    },
    {
      "start": [644,56],
      "end": [728,56],
      "color": "#177DE8"
    },
    {
      "start": [644,56],
      "end": [644,84],
      "color": "#177DE8"
    },
    {
      "start": [644,84],
      "end": [728,84],
      "color": "#177DE8"
    },
    {
      "start": [728,56],
      "end": [728,84],
      "color": "#177DE8"
    },
    {
      "start": [756,56],
      "end": [756,168],
      "color": "#177DE8"
    },
    {
      "start": [756,56],
      "end": [784,56],
      "color": "#177DE8"
    },
    {
      "start": [784,56],
      "end": [784,168],
      "color": "#177DE8"
    },
    {
      "start": [756,168],
      "end": [784,168],
      "color": "#177DE8"
    },
    {
      "start": [644,112],
      "end": [728,112],
      "color": "#177DE8"
    },
    {
      "start": [644,112],
      "end": [644,140],
      "color": "#177DE8"
    },
    {
      "start": [644,140],
      "end": [700,140],
      "color": "#177DE8"
    },
    {
      "start": [728,112],
      "end": [728,168],
      "color": "#177DE8"
    },
    {
      "start": [700,140],
      "end": [700,168],
      "color": "#177DE8"
    },
    {
      "start": [700,168],
      "end": [728,168],
      "color": "#177DE8"
    },
    {
      "start": [700,196],
      "end": [728,196],
      "color": "#177DE8"
    },
    {
      "start": [700,196],
      "end": [700,280],
      "color": "#177DE8"
    },
    {
      "start": [700,280],
      "end": [728,280],
      "color": "#177DE8"
    },
    {
      "start": [728,196],
      "end": [728,280],
      "color": "#177DE8"
    },
    {
      "start": [532,168],
      "end": [588,168],
      "color": "#177DE8"
    },
    {
      "start": [588,168],
      "end": [588,196],
      "color": "#177DE8"
    },
    {
      "start": [588,196],
      "end": [616,196],
      "color": "#177DE8"
    },
    {
      "start": [616,168],
      "end": [616,196],
      "color": "#177DE8"
    },
    {
      "start": [616,168],
      "end": [672,168],
      "color": "#177DE8"
    },
    {
      "start": [532,168],
      "end": [532,308],
      "color": "#177DE8"
    },
    {
      "start": [532,308],
      "end": [560,308],
      "color": "#177DE8"
    },
    {
      "start": [560,224],
      "end": [560,308],
      "color": "#177DE8"
    },
    {
      "start": [560,224],
      "end": [588,224],
      "color": "#177DE8"
    },
    {
      "start": [588,224],
      "end": [588,308],
      "color": "#177DE8"
    },
    {
      "start": [588,308],
      "end": [616,308],
      "color": "#177DE8"
    },
    {
      "start": [616,224],
      "end": [616,308],
      "color": "#177DE8"
    },
    {
      "start": [616,224],
      "end": [644,224],
      "color": "#177DE8"
    },
    {
      "start": [644,224],
      "end": [644,308],
      "color": "#177DE8"
    },
    {
      "start": [644,308],
      "end": [672,308],
      "color": "#177DE8"
    },
    {
      "start": [672,168],
      "end": [672,308],
      "color": "#177DE8"
    },
    {
      "start": [448,168],
      "end": [476,168],
      "color": "white"
    }
  ]
}
